Season,Date,Location,Opponent,Result,IlliniScore,OpponentScore,Note
2019,8/31/2019,vs.,Akron,W,42,3,
2019,9/7/2019,@,UConn,W,31,23,
2019,9/14/2019,vs.,Eastern Michigan,L,31,34,
2019,9/21/2019,vs.,Nebraska,L,38,42,
2019,10/5/2019,@,Minnesota,L,17,40,
2019,10/12/2019,vs.,Michigan,L,25,42,
2019,10/19/2019,vs.,Wisconsin,W,24,23,Homecoming
2019,10/26/2019,@,Purdue,W,24,6,
2019,11/2/2019,vs.,Rutgers,W,38,10,
2019,11/9/2019,@,Michigan State,W,37,34,
2019,11/23/2019,@,Iowa,L,10,19,
2019,11/30/2019,vs.,Northwestern,L,10,29,
2019,12/30/2019,"Santa Clara, CA",California,L,20,35,Red Box Bowl
2018,9/1/2018,vs.,Kent State,W,31,24,
2018,9/8/2018,vs.,Western Illinois,W,34,14,
2018,9/15/2018,"Chicago, IL",South Florida,L,19,25,
2018,9/21/2018,vs.,Penn State,L,24,63,
2018,10/6/2018,@,Rutgers,W,38,17,
2018,10/13/2018,vs.,Purdue,L,7,46,Homecoming
2018,10/20/2018,@,Wisconsin,L,20,49,
2018,10/27/2018,@,Maryland,L,33,63,
2018,11/3/2018,vs.,Minnesota,W,55,31,
2018,11/10/2018,@,Nebraska,L,35,54,
2018,11/17/2018,vs.,Iowa,L,0,63,
2018,11/24/2018,@,Northwestern,L,16,24,
2017,9/2/2017,vs.,Ball State,W,24,21,
2017,9/9/2017,vs.,Western Kentucky,W,20,7,
2017,9/15/2017,@,South Florida,L,23,47,
2017,9/29/2017,vs.,Nebraska,L,6,28,
2017,10/7/2017,@,Iowa,L,16,45,
2017,10/14/2017,vs.,Rutgers,L,24,35,
2017,10/21/2017,@,Minnesota,L,17,24,
2017,10/28/2017,vs.,Wisconsin,L,10,24,Homecoming
2017,11/4/2017,@,Purdue,L,10,29,
2017,11/11/2017,vs.,Indiana,L,14,24,
2017,11/18/2017,@,Ohio State,L,14,52,
2017,11/25/2017,vs.,Northwestern,L,7,42,
2016,9/3/2016,vs.,Murray State,W,52,3,
2016,9/10/2016,vs.,North Carolina,L,23,48,
2016,9/17/2016,vs.,Western Michigan,L,10,34,
2016,10/1/2016,@,Nebraska,L,16,31,
2016,10/8/2016,vs.,Purdue,L,31,34,
2016,10/15/2016,@,Rutgers,W,24,7,
2016,10/22/2016,@,Michigan,L,8,41,
2016,10/29/2016,vs.,Minnesota,L,17,40,Homecoming
2016,11/5/2016,vs.,Michigan State,W,31,27,
2016,11/12/2016,@,Wisconsin,L,3,48,
2016,11/19/2016,vs.,Iowa,L,0,28,
2016,11/26/2016,@,Northwestern,L,21,42,
2015,9/5/2015,vs.,Kent State,W,52,3,
2015,9/12/2015,vs.,Western Illinois,W,44,0,
2015,9/19/2015,@,North Carolina,L,14,48,
2015,9/26/2015,vs.,Middle Tennessee State,W,27,25,
2015,10/3/2015,vs.,Nebraska,W,14,13,
2015,10/10/2015,@,Iowa,L,20,29,
2015,10/24/2015,vs.,Wisconsin,L,13,24,Homecoming
2015,10/31/2015,@,Penn State,L,0,39,
2015,11/7/2015,@,Purdue,W,48,14,
2015,11/14/2015,vs.,Ohio State,L,3,28,
2015,11/21/2015,@,Minnesota,L,23,32,
2015,11/28/2015,"Chicago, IL",Northwestern,L,14,24,
2014,8/30/2014,vs.,Youngstown State,W,28,17,
2014,9/6/2014,vs.,Western Kentucky,W,42,34,
2014,9/13/2014,@,Washington,L,19,44,
2014,9/20/2014,vs.,Texas State,W,42,35,
2014,9/27/2014,@,Nebraska,L,14,45,
2014,10/4/2014,vs.,Purdue,L,27,38,
2014,10/11/2014,@,Wisconsin,L,28,38,
2014,10/25/2014,vs.,Minnesota,W,28,24,Homecoming
2014,11/1/2014,@,Ohio State,L,14,55,
2014,11/15/2014,vs.,Iowa,L,14,30,
2014,11/22/2014,vs.,Penn State,W,16,14,
2014,11/29/2014,@,Northwestern,W,47,33,
2014,12/26/2014,"Dallas, TX",Louisiana Tech,L,18,35,Heart of Dallas Bowl
2013,8/31/2013,vs.,Southern Illinois,W,42,34,
2013,9/7/2013,vs.,Cincinnati,W,45,17,
2013,9/14/2013,"Chicago, IL",Washington,L,24,34,
2013,9/28/2013,vs.,Miami,W,50,14,
2013,10/5/2013,@,Nebraska,L,19,39,
2013,10/19/2013,vs.,Wisconsin,L,32,56,
2013,10/26/2013,vs.,Michigan State,L,3,42,Homecoming
2013,11/2/2013,@,Penn State,L,17,24,
2013,11/9/2013,@,Indiana,L,35,52,
2013,11/16/2013,vs.,Ohio State,L,35,60,
2013,11/23/2013,@,Purdue,W,20,16,
2013,11/30/2013,vs.,Northwestern,L,34,37,
2012,9/1/2012,vs.,Western Michigan,W,24,7,
2012,9/8/2012,@,Arizona State,L,14,45,
2012,9/15/2012,vs.,Charleston Southern,W,44,0,
2012,9/22/2012,vs.,Louisiana Tech,L,24,52,
2012,9/29/2012,vs.,Penn State,L,7,35,
2012,10/6/2012,@,Wisconsin,L,14,31,
2012,10/13/2012,@,Michigan,L,0,45,
2012,10/27/2012,vs.,Indiana,L,17,31,Homecoming
2012,11/3/2012,@,Ohio State,L,22,52,
2012,11/10/2012,vs.,Minnesota,L,3,17,
2012,11/17/2012,vs.,Purdue,L,17,20,
2012,11/24/2012,@,Northwestern,L,14,50,
2011,9/3/2011,vs.,Arkansas State,W,33,15,
2011,9/10/2011,vs.,South Dakota State,W,56,3,
2011,9/17/2011,vs.,Arizona State,W,17,14,
2011,9/24/2011,vs.,Western Michigan,W,23,20,
2011,10/1/2011,vs.,Northwestern,W,38,35,Homecoming
2011,10/8/2011,@,Indiana,W,41,20,
2011,10/15/2011,vs.,Ohio State,L,7,17,
2011,10/22/2011,@,Purdue,L,14,21,
2011,10/29/2011,@,Penn State,L,7,10,
2011,11/12/2011,vs.,Michigan,L,14,31,
2011,11/19/2011,vs.,Wisconsin,L,17,28,
2011,11/26/2011,@,Minnesota,L,7,27,
2011,12/31/2011,"San Francisco, CA",UCLA,W,20,14,Fight Hunger Bowl
2010,9/4/2010,"St. Louis, MO",Missouri,L,13,23,
2010,9/11/2010,vs.,Southern Illinois,W,35,3,
2010,9/18/2010,vs.,Northern Illinois,W,28,22,
2010,10/2/2010,vs.,Ohio State,L,13,24,
2010,10/9/2010,@,Penn State,W,33,13,
2010,10/16/2010,@,Michigan State,L,6,26,
2010,10/23/2010,vs.,Indiana,W,43,13,Homecoming
2010,10/30/2010,vs.,Purdue,W,44,10,
2010,11/6/2010,@,Michigan,L,65,67,
2010,11/13/2010,vs.,Minnesota,L,34,38,
2010,11/20/2010,"Chicago, IL",Northwestern,W,48,27,
2010,12/3/2010,@,Fresno State,L,23,25,
2010,12/29/2010,"Houston, TX",Baylor,W,38,14,Texas Bowl
2009,9/5/2009,"St. Louis, MO",Missouri,L,9,37,
2009,9/12/2009,vs.,Illinois State,W,45,17,
2009,9/26/2009,@,Ohio State,L,0,30,
2009,10/3/2009,vs.,Penn State,L,17,35,
2009,10/10/2009,vs.,Michigan State,L,14,24,Homecoming
2009,10/17/2009,@,Indiana,L,14,27,
2009,10/24/2009,@,Purdue,L,14,24,
2009,10/31/2009,vs.,Michigan,W,38,13,
2009,11/7/2009,@,Minnesota,W,35,32,
2009,11/14/2009,vs.,Northwestern,L,16,21,
2009,11/27/2009,@,Cincinnati,L,36,49,
2009,12/5/2009,vs.,Fresno State,L,52,53,
2008,8/30/2008,"St. Louis, MO",Missouri,L,42,52,
2008,9/6/2008,vs.,Eastern Illinois,W,47,21,
2008,9/13/2008,vs.,Louisiana-Lafayette,W,20,17,
2008,9/27/2008,@,Penn State,L,24,38,
2008,10/4/2008,@,Michigan,W,45,20,
2008,10/11/2008,vs.,Minnesota,L,20,27,Homecoming
2008,10/18/2008,vs.,Indiana,W,55,13,
2008,10/25/2008,@,Wisconsin,L,17,27,
2008,11/1/2008,vs.,Iowa,W,27,24,
2008,11/8/2008,"Detroit, MI",Western Michigan,L,17,23,
2008,11/15/2008,vs.,Ohio State,L,20,30,
2008,11/22/2008,@,Northwestern,L,10,27,
2007,1/1/2008,"Pasadena, CA",Southern California,L,17,49,Rose Bowl
2007,9/1/2007,"St. Louis, MO",Missouri,L,34,40,
2007,9/8/2007,vs.,Western Illinois,W,21,0,
2007,9/15/2007,@,Syracuse,W,41,20,
2007,9/22/2007,@,Indiana,W,27,14,
2007,9/29/2007,vs.,Penn State,W,27,20,
2007,10/6/2007,vs.,Wisconsin,W,31,26,
2007,10/13/2007,@,Iowa,L,6,10,
2007,10/20/2007,vs.,Michigan,L,17,27,
2007,10/27/2007,vs.,Ball State,W,28,17,Homecoming
2007,11/3/2007,@,Minnesota,W,44,17,
2007,11/10/2007,@,Ohio State,W,28,21,
2007,11/17/2007,vs.,Northwestern,W,41,22,
2006,9/2/2006,vs.,Eastern Illinois,W,42,17,
2006,9/9/2006,@,Rutgers,L,0,33,
2006,9/16/2006,vs.,Syracuse,L,21,31,
2006,9/23/2006,vs.,Iowa,L,7,24,
2006,9/30/2006,@,Michigan State,W,23,20,
2006,10/7/2006,vs.,Indiana,L,32,34,Homecoming
2006,10/14/2006,vs.,Ohio,L,17,20,
2006,10/21/2006,@,Penn State,L,12,26,
2006,10/28/2006,@,Wisconsin,L,24,30,
2006,11/4/2006,vs.,Ohio State,L,10,17,
2006,11/11/2006,vs.,Purdue,L,31,42,
2006,11/18/2006,@,Northwestern,L,16,27,
2005,9/3/2005,vs.,Rutgers,W,33,30,
2005,9/10/2005,vs.,San Jose State,W,40,19,
2005,9/17/2005,@,California,L,20,35,
2005,9/24/2005,vs.,Michigan State,L,14,61,
2005,10/1/2005,@,Iowa,L,7,35,
2005,10/8/2005,@,Indiana,L,13,36,
2005,10/22/2005,vs.,Penn State,L,10,63,Homecoming
2005,10/29/2005,vs.,Wisconsin,L,24,41,
2005,11/5/2005,@,Ohio State,L,2,40,
2005,11/12/2005,@,Purdue,L,3,37,
2005,11/19/2005,vs.,Northwestern,L,21,38,
2004,9/4/2004,vs.,Florida A&M,W,52,13,
2004,9/11/2004,vs.,UCLA,L,17,35,
2004,9/18/2004,vs.,Western Michigan,W,30,27,
2004,9/25/2004,vs.,Purdue,L,30,38,
2004,10/2/2004,@,Wisconsin,L,7,24,
2004,10/9/2004,@,Michigan State,L,25,38,
2004,10/16/2004,vs.,Michigan,L,19,30,
2004,10/23/2004,@,Minnesota,L,0,45,
2004,10/30/2004,vs.,Iowa,L,13,23,Homecoming
2004,11/6/2004,vs.,Indiana,W,26,22,
2004,11/20/2004,@,Northwestern,L,21,28,
2003,8/30/2003,"St. Louis, MO",Missouri,L,15,22,
2003,9/6/2003,vs.,Illinois State,W,49,22,
2003,9/13/2003,@,UCLA,L,3,6,
2003,9/20/2003,vs.,California,L,24,31,
2003,9/27/2003,vs.,Wisconsin,L,20,38,
2003,10/4/2003,@,Purdue,L,10,43,
2003,10/11/2003,vs.,Michigan State,L,14,49,
2003,10/18/2003,@,Michigan,L,14,56,
2003,10/25/2003,vs.,Minnesota,L,10,36,Homecoming
2003,11/1/2003,@,Iowa,L,10,41,
2003,11/8/2003,@,Indiana,L,14,17,
2003,11/22/2003,vs.,Northwestern,L,20,37,
2002,8/31/2002,"St. Louis, MO",Missouri,L,20,33,
2002,9/7/2002,@,Southern Mississippi,L,20,23,
2002,9/14/2002,vs.,Arkansas State,W,59,7,
2002,9/21/2002,vs.,San Jose State,L,35,38,
2002,9/28/2002,vs.,Michigan,L,28,45,
2002,10/3/2002,@,Minnesota,L,10,31,
2002,10/12/2002,vs.,Purdue,W,38,31,
2002,10/26/2002,vs.,Indiana,W,45,14,Homecoming
2002,11/2/2002,@,Penn State,L,7,18,
2002,11/9/2002,@,Wisconsin,W,37,20,
2002,11/16/2002,vs.,Ohio State,L,16,23,
2002,11/23/2002,@,Northwestern,W,31,24,
2001,1/1/2002,"New Orleans, LA",Louisiana State,L,34,47,Sugar Bowl
2001,9/1/2001,@,California,W,44,17,
2001,9/8/2001,vs.,Northern Illinois,W,17,12,
2001,9/22/2001,vs.,Louisville,W,34,10,
2001,9/29/2001,@,Michigan,L,20,45,
2001,10/6/2001,vs.,Minnesota,W,25,14,
2001,10/13/2001,@,Indiana,W,35,14,
2001,10/20/2001,vs.,Wisconsin,W,42,35,Homecoming
2001,11/3/2001,@,Purdue,W,38,13,
2001,11/10/2001,vs.,Penn State,W,33,28,
2001,11/17/2001,@,Ohio State,W,34,22,
2001,11/22/2001,vs.,Northwestern,W,34,28,
2000,9/2/2000,vs.,Middle Tennessee State,W,35,6,
2000,9/9/2000,@,San Diego State,W,49,13,
2000,9/16/2000,vs.,California,W,17,15,
2000,9/23/2000,vs.,Michigan,L,31,35,
2000,9/30/2000,@,Minnesota,L,10,44,
2000,10/14/2000,vs.,Iowa,W,31,0,Homecoming
2000,10/21/2000,@,Penn State,L,25,39,
2000,10/28/2000,@,Michigan State,L,10,14,
2000,11/4/2000,vs.,Indiana,W,42,35,
2000,11/11/2000,vs.,Ohio State,L,21,24,
2000,11/18/2000,@,Northwestern,L,23,61,
1999,9/4/1999,vs.,Arkansas State,W,41,3,
1999,9/11/1999,vs.,San Diego State,W,38,10,
1999,9/18/1999,@,Louisville,W,41,36,
1999,9/25/1999,vs.,Michigan State,L,10,27,
1999,10/2/1999,@,Indiana,L,31,34,
1999,10/16/1999,vs.,Minnesota,L,7,37,Homecoming
1999,10/23/1999,@,Michigan,W,35,29,
1999,10/30/1999,vs.,Penn State,L,7,27,
1999,11/6/1999,@,Iowa,W,40,24,
1999,11/13/1999,@,Ohio State,W,46,20,
1999,11/20/1999,vs.,Northwestern,W,29,7,
1999,12/30/1999,"Miami, FL",Virginia,W,63,21,Micron PC Bowl
1998,9/5/1998,@,Washington State,L,13,20,
1998,9/12/1998,vs.,Middle Tennessee State,W,48,20,
1998,9/19/1998,vs.,Louisville,L,9,35,
1998,9/26/1998,vs.,Iowa,L,14,37,
1998,10/3/1998,@,Northwestern,W,13,10,
1998,10/10/1998,vs.,Ohio State,L,0,41,
1998,10/17/1998,vs.,Wisconsin,L,3,37,Homecoming
1998,10/24/1998,@,Purdue,L,9,42,
1998,10/31/1998,@,Penn State,L,0,27,
1998,11/7/1998,vs.,Indiana,W,31,16,
1998,11/21/1998,@,Michigan State,L,9,41,
1997,9/6/1997,vs.,Southern Mississippi,L,7,24,
1997,9/13/1997,@,Louisville,L,14,26,
1997,9/20/1997,vs.,Washington State,L,22,35,
1997,9/27/1997,@,Iowa,L,10,38,
1997,10/4/1997,vs.,Penn State,L,6,41,
1997,10/11/1997,@,Wisconsin,L,7,31,
1997,10/25/1997,vs.,Purdue,L,3,48,Homecoming
1997,11/1/1997,@,Indiana,L,6,23,
1997,11/8/1997,vs.,Northwestern,L,21,34,
1997,11/15/1997,@,Ohio State,L,6,41,
1997,11/22/1997,vs.,Michigan State,L,17,27,
1996,8/31/1996,@,Michigan,L,8,20,
1996,9/7/1996,vs.,Southern California,L,3,55,
1996,9/14/1996,@,Arizona,L,0,41,
1996,9/21/1996,vs.,Akron,W,38,7,
1996,10/5/1996,vs.,Indiana,W,46,43,
1996,10/12/1996,@,Michigan State,L,14,42,
1996,10/26/1996,@,Northwestern,L,24,27,
1996,11/2/1996,vs.,Iowa,L,21,31,Homecoming
1996,11/9/1996,vs.,Ohio State,L,0,48,
1996,11/16/1996,@,Minnesota,L,21,23,
1996,11/23/1996,vs.,Wisconsin,L,15,35,
1995,9/2/1995,vs.,Michigan,L,14,38,
1995,9/9/1995,@,Oregon,L,31,34,
1995,9/16/1995,vs.,Arizona,W,9,7,
1995,9/23/1995,vs.,East Carolina,W,7,0,
1995,10/7/1995,@,Indiana,W,17,10,
1995,10/14/1995,vs.,Michigan State,L,21,27,
1995,10/28/1995,vs.,Northwestern,L,14,17,Homecoming
1995,11/4/1995,@,Iowa,W,26,7,
1995,11/11/1995,@,Ohio State,L,3,41,
1995,11/18/1995,vs.,Minnesota,W,48,14,
1995,11/25/1995,@,Wisconsin,T,3,3,
1994,9/1/1994,"Chicago, IL",Washington State,L,9,10,
1994,9/10/1994,vs.,Missouri,W,42,0,
1994,9/17/1994,vs.,Northern Illinois,W,34,10,
1994,10/1/1994,vs.,Purdue,L,16,22,Homecoming
1994,10/8/1994,@,Ohio State,W,24,10,
1994,10/15/1994,vs.,Iowa,W,47,7,
1994,10/22/1994,vs.,Michigan,L,14,19,
1994,10/29/1994,@,Northwestern,W,28,7,
1994,11/5/1994,@,Minnesota,W,21,17,
1994,11/12/1994,vs.,Penn State,L,31,35,
1994,11/19/1994,@,Wisconsin,L,13,19,
1994,12/31/1994,"Memphis, TN",East Carolina,W,30,0,Liberty Bowl
1993,9/11/1993,@,Missouri,L,3,31,
1993,9/18/1993,vs.,Arizona,L,14,16,
1993,9/25/1993,vs.,Oregon,L,7,13,
1993,10/2/1993,@,Purdue,W,28,10,
1993,10/9/1993,vs.,Ohio State,L,12,20,
1993,10/16/1993,@,Iowa,W,49,3,
1993,10/23/1993,@,Michigan,W,24,21,
1993,10/30/1993,vs.,Northwestern,W,20,13,Homecoming
1993,11/6/1993,vs.,Minnesota,W,23,20,
1993,11/13/1993,@,Penn State,L,14,28,
1993,11/20/1993,vs.,Wisconsin,L,10,35,
1992,9/5/1992,vs.,Northern Illinois,W,30,14,
1992,9/12/1992,vs.,Missouri,W,24,17,
1992,9/19/1992,@,Houston,L,13,31,
1992,10/3/1992,@,Minnesota,L,17,18,
1992,10/10/1992,@,Ohio State,W,18,16,
1992,10/17/1992,vs.,Iowa,L,14,24,
1992,10/24/1992,vs.,Northwestern,L,26,27,Homecoming
1992,10/31/1992,@,Wisconsin,W,13,12,
1992,11/7/1992,vs.,Purdue,W,20,17,
1992,11/14/1992,@,Michigan,T,22,22,
1992,11/21/1992,vs.,Michigan State,W,14,10,
1992,12/30/1992,"San Diego, CA",Hawaii,L,17,27,Holiday Bowl
1991,8/31/1991,vs.,East Carolina,W,38,31,
1991,9/14/1991,@,Missouri,L,19,23,
1991,9/21/1991,vs.,Houston,W,51,10,
1991,10/5/1991,vs.,Minnesota,W,24,3,Homecoming
1991,10/12/1991,vs.,Ohio State,W,10,7,
1991,10/19/1991,@,Iowa,L,21,24,
1991,10/26/1991,@,Northwestern,L,11,17,
1991,11/2/1991,vs.,Wisconsin,W,22,6,
1991,11/9/1991,@,Purdue,W,41,14,
1991,11/16/1991,vs.,Michigan,L,0,20,
1991,11/23/1991,@,Michigan State,L,24,27,
1991,12/31/1991,"El Paso, TX",UCLA,L,3,6,Sun Bowl
1990,1/1/1991,"Tampa, FL",Clemson,L,0,30,Hall of Fame Bowl
1990,9/8/1990,@,Arizona,L,16,28,
1990,9/15/1990,vs.,Colorado,W,23,22,
1990,9/22/1990,vs.,Southern Illinois,W,56,21,
1990,10/6/1990,@,Ohio State,W,31,20,
1990,10/13/1990,vs.,Purdue,W,34,0,
1990,10/20/1990,vs.,Michigan State,W,15,13,
1990,10/27/1990,@,Wisconsin,W,21,3,
1990,11/3/1990,vs.,Iowa,L,28,54,
1990,11/10/1990,@,Michigan,L,17,22,Homecoming
1990,11/17/1990,@,Indiana,W,24,10,
1990,11/24/1990,vs.,Northwestern,W,28,23,
1989,1/1/1990,"Orlando, FL",Virginia,W,31,21,Citrus Bowl
1989,9/4/1989,@,Southern California,W,14,13,
1989,9/16/1989,@,Colorado,L,7,38,
1989,9/23/1989,vs.,Utah State,W,41,2,
1989,10/7/1989,vs.,Ohio State,W,34,14,
1989,10/14/1989,@,Purdue,W,14,2,
1989,10/21/1989,@,Michigan State,W,14,10,
1989,10/28/1989,vs.,Wisconsin,W,32,9,Homecoming
1989,11/4/1989,@,Iowa,W,31,7,
1989,11/11/1989,vs.,Michigan,L,10,24,
1989,11/18/1989,vs.,Indiana,W,41,28,
1989,11/25/1989,@,Northwestern,W,63,14,
1988,9/3/1988,vs.,Washington State,L,7,44,
1988,9/10/1988,@,Arizona State,L,16,21,
1988,9/17/1988,vs.,Utah,W,35,24,
1988,10/1/1988,@,Ohio State,W,31,12,
1988,10/8/1988,vs.,Purdue,W,20,0,
1988,10/15/1988,@,Wisconsin,W,34,6,
1988,10/22/1988,vs.,Michigan State,L,21,28,Homecoming
1988,10/29/1988,@,Minnesota,T,27,27,
1988,11/5/1988,vs.,Indiana,W,21,20,
1988,11/12/1988,@,Michigan,L,9,38,
1988,11/19/1988,vs.,Northwestern,W,14,9,
1988,12/29/1988,"Birmingham, AL",Florida,L,10,14,All-American Bowl
1987,9/5/1987,@,North Carolina,L,14,34,
1987,9/12/1987,vs.,Arizona State,L,7,21,
1987,9/19/1987,vs.,East Carolina,W,20,10,
1987,10/3/1987,vs.,Ohio State,L,6,10,
1987,10/10/1987,@,Purdue,L,3,9,
1987,10/17/1987,vs.,Wisconsin,W,16,14,
1987,10/24/1987,@,Michigan State,T,14,14,
1987,10/31/1987,vs.,Minnesota,W,27,17,Homecoming
1987,11/7/1987,@,Indiana,L,22,34,
1987,11/14/1987,vs.,Michigan,L,14,17,
1987,11/21/1987,@,Northwestern,L,10,28,
1986,9/6/1986,vs.,Louisville,W,23,0,
1986,9/13/1986,@,Southern California,L,16,31,
1986,9/20/1986,vs.,Nebraska,L,14,59,
1986,10/4/1986,@,Ohio State,L,0,14,
1986,10/11/1986,vs.,Purdue,W,34,27,
1986,10/18/1986,vs.,Michigan State,L,21,29,Homecoming
1986,10/25/1986,@,Wisconsin,L,9,15,
1986,11/1/1986,@,Michigan,L,13,69,
1986,11/8/1986,vs.,Iowa,W,20,16,
1986,11/15/1986,@,Indiana,W,21,16,
1986,11/22/1986,vs.,Northwestern,L,18,23,
1985,9/7/1985,vs.,Southern California,L,10,20,
1985,9/14/1985,vs.,Southern Illinois,W,28,25,
1985,9/21/1985,@,Nebraska,L,25,52,
1985,10/5/1985,vs.,Ohio State,W,31,28,
1985,10/12/1985,@,Purdue,L,24,30,
1985,10/19/1985,@,Michigan State,W,30,17,
1985,10/26/1985,vs.,Wisconsin,W,38,25,Homecoming
1985,11/2/1985,vs.,Michigan,T,3,3,
1985,11/9/1985,@,Iowa,L,0,59,
1985,11/16/1985,vs.,Indiana,W,41,24,
1985,11/23/1985,@,Northwestern,W,45,20,
1985,12/31/1985,"Atlanta, GA",Army,L,29,31,Peach Bowl
1984,9/1/1984,vs.,Northwestern,W,24,16,
1984,9/8/1984,vs.,Missouri,W,30,24,
1984,9/15/1984,@,Stanford,L,19,34,
1984,9/22/1984,vs.,Michigan State,W,40,7,
1984,9/29/1984,@,Iowa,L,16,21,
1984,10/6/1984,vs.,Wisconsin,W,22,6,
1984,10/13/1984,@,Ohio State,L,38,45,
1984,10/20/1984,vs.,Purdue,W,34,20,
1984,10/27/1984,@,Michigan,L,18,26,
1984,11/3/1984,vs.,Minnesota,W,48,3,Homecoming
1984,11/10/1984,"Indianapolis, IN",Indiana,W,34,7,
1983,1/2/1984,"Pasadena, CA",UCLA,L,9,45,Rose Bowl
1983,9/10/1983,@,Missouri,L,18,28,
1983,9/17/1983,vs.,Stanford,W,17,7,
1983,9/24/1983,@,Michigan State,W,20,10,
1983,10/1/1983,vs.,Iowa,W,33,0,
1983,10/8/1983,@,Wisconsin,W,27,15,
1983,10/15/1983,vs.,Ohio State,W,17,13,Homecoming
1983,10/22/1983,@,Purdue,W,35,21,
1983,10/29/1983,vs.,Michigan,W,16,6,
1983,11/5/1983,@,Minnesota,W,50,23,
1983,11/12/1983,vs.,Indiana,W,49,21,
1983,11/19/1983,@,Northwestern,W,56,24,
1982,9/4/1982,vs.,Northwestern,W,49,13,
1982,9/11/1982,vs.,Michigan State,W,23,16,
1982,9/18/1982,@,Syracuse,W,47,10,
1982,9/25/1982,vs.,Pittsburgh,L,3,20,
1982,10/2/1982,@,Minnesota,W,42,24,
1982,10/9/1982,vs.,Purdue,W,38,34,
1982,10/16/1982,vs.,Ohio State,L,21,26,Homecoming
1982,10/23/1982,@,Wisconsin,W,29,28,
1982,10/30/1982,@,Iowa,L,13,14,
1982,11/6/1982,vs.,Michigan,L,10,16,
1982,11/13/1982,@,Indiana,W,48,7,
1982,12/29/1982,"Memphis, TN",Alabama,L,15,21,Liberty Bowl
1981,9/5/1981,@,Pittsburgh,L,6,26,
1981,9/12/1981,@,Michigan State,W,27,17,
1981,9/19/1981,vs.,Syracuse,W,17,14,
1981,10/3/1981,vs.,Minnesota,W,38,29,
1981,10/10/1981,@,Purdue,L,20,44,
1981,10/17/1981,@,Ohio State,L,27,34,
1981,10/24/1981,vs.,Wisconsin,W,23,21,Homecoming
1981,10/31/1981,vs.,Iowa,W,24,7,
1981,11/7/1981,@,Michigan,L,21,70,
1981,11/14/1981,vs.,Indiana,W,35,14,
1981,11/21/1981,@,Northwestern,W,49,12,
1980,9/6/1980,vs.,Northwestern,W,35,9,
1980,9/13/1980,vs.,Michigan State,W,20,17,
1980,9/20/1980,@,Missouri,L,7,52,
1980,9/27/1980,vs.,Air Force,T,20,20,
1980,10/4/1980,vs.,Mississippi State,L,21,28,
1980,10/11/1980,@,Iowa,W,20,14,
1980,10/18/1980,vs.,Purdue,L,20,45,
1980,10/25/1980,@,Michigan,L,14,45,
1980,11/1/1980,vs.,Minnesota,L,18,21,Homecoming
1980,11/8/1980,@,Ohio State,L,42,49,
1980,11/15/1980,@,Indiana,L,24,26,
1979,9/8/1979,@,Michigan State,L,16,33,
1979,9/15/1979,vs.,Missouri,L,6,14,
1979,9/22/1979,@,Air Force,W,27,19,
1979,9/29/1979,vs.,Navy,L,12,13,
1979,10/6/1979,vs.,Iowa,L,7,13,Homecoming
1979,10/13/1979,@,Purdue,L,14,28,
1979,10/20/1979,vs.,Michigan,L,7,27,
1979,10/27/1979,@,Minnesota,T,17,17,
1979,11/3/1979,vs.,Ohio State,L,7,44,
1979,11/10/1979,vs.,Indiana,L,14,45,
1979,11/17/1979,@,Northwestern,W,29,13,
1978,9/9/1978,vs.,Northwestern,T,0,0,
1978,9/16/1978,@,Michigan,L,0,31,
1978,9/23/1978,vs.,Stanford,L,10,35,
1978,9/30/1978,@,Syracuse,W,28,14,
1978,10/7/1978,@,Missouri,L,3,45,
1978,10/14/1978,vs.,Wisconsin,T,20,20,
1978,10/21/1978,vs.,Purdue,L,0,13,
1978,10/28/1978,@,Indiana,L,10,31,
1978,11/4/1978,vs.,Michigan State,L,19,59,Homecoming
1978,11/11/1978,@,Ohio State,L,7,45,
1978,11/18/1978,@,Minnesota,L,6,24,
1977,9/10/1977,vs.,Michigan,L,9,37,
1977,9/17/1977,vs.,Missouri,W,11,7,
1977,9/24/1977,@,Stanford,L,24,37,
1977,10/1/1977,vs.,Syracuse,L,20,30,
1977,10/8/1977,@,Wisconsin,L,0,26,
1977,10/15/1977,@,Purdue,W,29,22,
1977,10/22/1977,vs.,Indiana,W,21,7,
1977,10/29/1977,@,Michigan State,L,20,49,
1977,11/5/1977,vs.,Ohio State,L,0,35,Homecoming
1977,11/12/1977,vs.,Minnesota,L,0,21,
1977,11/19/1977,@,Northwestern,L,7,21,
1976,9/11/1976,vs.,Iowa,W,24,6,
1976,9/18/1976,@,Missouri,W,31,6,
1976,9/25/1976,vs.,Baylor,L,19,34,
1976,10/2/1976,vs.,Texas A&M,L,7,14,
1976,10/9/1976,@,Minnesota,L,14,29,
1976,10/16/1976,@,Purdue,W,21,17,
1976,10/23/1976,vs.,Michigan State,L,23,31,
1976,10/30/1976,vs.,Wisconsin,W,31,25,Homecoming
1976,11/6/1976,@,Ohio State,L,10,42,
1976,11/13/1976,@,Michigan,L,7,38,
1976,11/20/1976,vs.,Northwestern,W,48,6,
1975,9/13/1975,@,Iowa,W,27,12,
1975,9/20/1975,vs.,Missouri,L,20,30,
1975,9/27/1975,@,Texas A&M,L,13,43,
1975,10/4/1975,vs.,Washington State,W,27,21,
1975,10/11/1975,vs.,Minnesota,W,42,23,
1975,10/18/1975,vs.,Purdue,L,24,26,Homecoming
1975,10/25/1975,@,Michigan State,W,21,19,
1975,11/1/1975,@,Wisconsin,L,9,18,
1975,11/8/1975,vs.,Ohio State,L,3,40,
1975,11/15/1975,vs.,Michigan,L,15,21,
1975,11/22/1975,@,Northwestern,W,28,7,
1974,9/14/1974,vs.,Indiana,W,16,0,
1974,9/21/1974,@,Stanford,W,41,7,
1974,9/28/1974,vs.,Washington State,W,21,19,
1974,10/5/1974,vs.,California,L,14,31,
1974,10/12/1974,@,Purdue,W,27,23,
1974,10/19/1974,vs.,Michigan State,T,21,21,
1974,10/26/1974,@,Iowa,L,12,14,
1974,11/2/1974,@,Ohio State,L,7,49,
1974,11/9/1974,vs.,Michigan,L,6,14,Homecoming
1974,11/16/1974,@,Minnesota,W,17,14,
1974,11/23/1974,vs.,Northwestern,W,28,14,
1973,9/15/1973,@,Indiana,W,28,14,
1973,9/22/1973,@,California,W,27,7,
1973,9/29/1973,vs.,West Virginia,L,10,17,
1973,10/6/1973,vs.,Stanford,L,0,24,
1973,10/13/1973,vs.,Purdue,W,15,13,
1973,10/20/1973,@,Michigan State,W,6,3,
1973,10/27/1973,vs.,Iowa,W,50,0,Homecoming
1973,11/3/1973,vs.,Ohio State,L,0,30,
1973,11/10/1973,@,Michigan,L,6,21,
1973,11/17/1973,vs.,Minnesota,L,16,19,
1973,11/24/1973,@,Northwestern,L,6,9,
1972,9/16/1972,vs.,Michigan State,L,0,24,
1972,9/23/1972,vs.,Southern California,L,20,55,
1972,9/30/1972,@,Washington,L,11,31,
1972,10/7/1972,vs.,Penn State,L,17,35,
1972,10/14/1972,@,Ohio State,L,7,26,
1972,10/21/1972,vs.,Michigan,L,7,31,Homecoming
1972,10/28/1972,@,Purdue,L,14,20,
1972,11/4/1972,@,Northwestern,W,43,13,
1972,11/11/1972,vs.,Indiana,W,37,20,
1972,11/18/1972,vs.,Wisconsin,W,27,7,
1972,11/25/1972,@,Iowa,L,14,15,
1971,9/11/1971,@,Michigan State,L,0,10,
1971,9/18/1971,vs.,North Carolina,L,0,27,
1971,9/25/1971,@,Southern California,L,0,28,
1971,10/2/1971,vs.,Washington,L,14,52,
1971,10/9/1971,vs.,Ohio State,L,10,24,
1971,10/16/1971,@,Michigan,L,6,35,
1971,10/23/1971,vs.,Purdue,W,21,7,Homecoming
1971,10/30/1971,vs.,Northwestern,W,24,7,
1971,11/6/1971,@,Indiana,W,22,21,
1971,11/13/1971,@,Wisconsin,W,35,27,
1971,11/20/1971,vs.,Iowa,W,31,0,
1970,9/19/1970,vs.,Oregon,W,20,16,
1970,9/26/1970,vs.,Tulane,L,9,23,
1970,10/3/1970,vs.,Syracuse,W,27,0,
1970,10/10/1970,@,Northwestern,L,0,48,
1970,10/17/1970,vs.,Indiana,L,24,30,Homecoming
1970,10/24/1970,vs.,Ohio State,L,29,48,
1970,10/31/1970,@,Purdue,W,23,21,
1970,11/7/1970,@,Michigan,L,0,42,
1970,11/14/1970,vs.,Wisconsin,L,17,29,
1970,11/21/1970,@,Iowa,L,16,22,
1969,9/20/1969,vs.,Washington State,L,18,19,
1969,9/27/1969,"St. Louis, MO",Missouri,L,6,37,
1969,10/4/1969,vs.,Iowa State,L,20,48,
1969,10/11/1969,vs.,Northwestern,L,6,10,
1969,10/18/1969,@,Indiana,L,20,41,
1969,10/25/1969,@,Ohio State,L,0,41,
1969,11/1/1969,vs.,Purdue,L,22,49,Homecoming
1969,11/8/1969,vs.,Michigan,L,0,57,
1969,11/15/1969,@,Wisconsin,L,14,55,
1969,11/22/1969,vs.,Iowa,L,0,40,
1968,9/21/1968,vs.,Kansas,L,7,47,
1968,9/28/1968,vs.,Missouri,L,0,44,
1968,10/5/1968,@,Indiana,L,14,28,
1968,10/12/1968,@,Minnesota,L,10,17,
1968,10/19/1968,@,Notre Dame,L,8,58,
1968,10/26/1968,vs.,Ohio State,L,24,31,Homecoming
1968,11/2/1968,@,Purdue,L,17,35,
1968,11/9/1968,@,Michigan,L,0,36,
1968,11/16/1968,vs.,Northwestern,W,14,0,
1968,11/23/1968,vs.,Iowa,L,13,37,
1967,9/23/1967,@,Florida,L,0,14,
1967,9/30/1967,vs.,Pittsburgh,W,34,6,
1967,10/7/1967,vs.,Indiana,L,7,20,
1967,10/14/1967,vs.,Minnesota,L,7,10,Homecoming
1967,10/21/1967,vs.,Notre Dame,L,7,47,
1967,10/28/1967,@,Ohio State,W,17,13,
1967,11/4/1967,vs.,Purdue,L,9,42,
1967,11/11/1967,vs.,Michigan,L,14,21,
1967,11/18/1967,@,Northwestern,W,27,21,
1967,11/25/1967,@,Iowa,W,21,19,
1966,9/17/1966,@,Southern Methodist,L,7,26,
1966,9/24/1966,vs.,Missouri,L,14,21,
1966,10/1/1966,vs.,Michigan State,L,10,26,
1966,10/8/1966,vs.,Ohio State,W,10,9,
1966,10/15/1966,@,Indiana,W,24,10,
1966,10/22/1966,vs.,Stanford,L,3,6,Homecoming
1966,10/29/1966,@,Purdue,L,21,25,
1966,11/5/1966,@,Michigan,W,28,21,
1966,11/12/1966,vs.,Wisconsin,W,49,14,
1966,11/19/1966,@,Northwestern,L,7,35,
1965,9/18/1965,vs.,Oregon State,L,10,12,
1965,9/25/1965,vs.,Southern Methodist,W,42,0,
1965,10/2/1965,@,Michigan State,L,12,22,
1965,10/9/1965,@,Ohio State,L,14,28,
1965,10/16/1965,vs.,Indiana,W,34,13,Homecoming
1965,10/23/1965,vs.,Duke,W,28,14,
1965,10/30/1965,vs.,Purdue,W,21,0,
1965,11/6/1965,vs.,Michigan,L,3,23,
1965,11/13/1965,@,Wisconsin,W,51,0,
1965,11/20/1965,@,Northwestern,W,20,6,
1964,9/26/1964,@,California,W,20,14,
1964,10/3/1964,@,Northwestern,W,17,6,
1964,10/10/1964,vs.,Ohio State,L,0,26,Homecoming
1964,10/17/1964,@,Minnesota,W,14,0,
1964,10/24/1964,vs.,UCLA,W,26,7,
1964,10/31/1964,@,Purdue,L,14,26,
1964,11/7/1964,@,Michigan,L,6,21,
1964,11/14/1964,vs.,Wisconsin,W,29,0,
1964,11/21/1964,vs.,Michigan State,W,16,0,
1963,1/1/1964,"Pasadena, CA",Washington,W,17,7,Rose Bowl
1963,9/28/1963,vs.,California,W,10,0,
1963,10/5/1963,vs.,Northwestern,W,10,9,
1963,10/12/1963,@,Ohio State,T,20,20,
1963,10/19/1963,vs.,Minnesota,W,16,6,Homecoming
1963,10/25/1963,@,UCLA,W,18,12,
1963,11/2/1963,vs.,Purdue,W,41,21,
1963,11/9/1963,vs.,Michigan,L,8,14,
1963,11/16/1963,@,Wisconsin,W,17,7,
1963,11/28/1963,@,Michigan State,W,13,0,
1962,9/29/1962,@,Washington,L,7,28,
1962,10/6/1962,@,Northwestern,L,0,45,
1962,10/13/1962,vs.,Ohio State,L,15,51,Homecoming
1962,10/20/1962,@,Minnesota,L,0,17,
1962,10/27/1962,vs.,Southern California,L,16,28,
1962,11/3/1962,@,Purdue,W,14,10,
1962,11/10/1962,@,Michigan,L,10,14,
1962,11/17/1962,vs.,Wisconsin,L,6,35,
1962,11/24/1962,vs.,Michigan State,W,7,6,
1961,9/30/1961,vs.,Washington,L,7,20,
1961,10/7/1961,vs.,Northwestern,L,7,28,
1961,10/14/1961,@,Ohio State,L,0,44,
1961,10/21/1961,vs.,Minnesota,L,0,33,Homecoming
1961,10/28/1961,@,Southern California,L,10,14,
1961,11/4/1961,vs.,Purdue,L,9,23,
1961,11/11/1961,vs.,Michigan,L,6,38,
1961,11/18/1961,@,Wisconsin,L,7,55,
1961,11/25/1961,@,Michigan State,L,7,34,
1960,9/24/1960,vs.,Indiana,W,17,6,
1960,10/1/1960,vs.,West Virginia,W,33,0,
1960,10/8/1960,vs.,Ohio State,L,7,34,Homecoming
1960,10/15/1960,@,Minnesota,L,10,21,
1960,10/22/1960,vs.,Penn State,W,10,8,
1960,10/29/1960,@,Purdue,W,14,12,
1960,11/5/1960,@,Michigan,L,7,8,
1960,11/12/1960,vs.,Wisconsin,W,35,14,
1960,11/19/1960,@,Northwestern,L,7,14,
1959,9/26/1959,@,Indiana,L,0,20,
1959,10/3/1959,vs.,Army,W,20,14,
1959,10/10/1959,@,Ohio State,W,9,0,
1959,10/17/1959,vs.,Minnesota,W,14,6,Homecoming
1959,10/24/1959,"Cleveland, OH",Penn State,L,9,20,
1959,10/31/1959,vs.,Purdue,T,7,7,
1959,11/7/1959,vs.,Michigan,L,15,20,
1959,11/14/1959,@,Wisconsin,W,9,6,
1959,11/21/1959,vs.,Northwestern,W,28,0,
1958,9/27/1958,vs.,UCLA,L,14,18,
1958,10/4/1958,@,Duke,L,13,15,
1958,10/11/1958,vs.,Ohio State,L,13,19,
1958,10/18/1958,@,Minnesota,W,20,8,
1958,10/25/1958,vs.,Michigan State,W,16,0,Homecoming
1958,11/1/1958,@,Purdue,L,8,31,
1958,11/8/1958,@,Michigan,W,21,8,
1958,11/15/1958,vs.,Wisconsin,L,12,31,
1958,11/22/1958,vs.,Northwestern,W,27,20,
1957,9/27/1957,@,UCLA,L,6,16,
1957,10/5/1957,vs.,Colgate,W,40,0,
1957,10/12/1957,@,Ohio State,L,7,21,
1957,10/19/1957,vs.,Minnesota,W,34,13,Homecoming
1957,10/26/1957,@,Michigan State,L,14,19,
1957,11/2/1957,vs.,Purdue,L,6,21,
1957,11/9/1957,vs.,Michigan,W,20,19,
1957,11/16/1957,@,Wisconsin,L,13,24,
1957,11/23/1957,vs.,Northwestern,W,27,0,
1956,9/29/1956,vs.,California,W,32,20,
1956,10/6/1956,@,Washington,L,13,28,
1956,10/13/1956,vs.,Ohio State,L,6,26,
1956,10/20/1956,@,Minnesota,L,13,16,
1956,10/27/1956,vs.,Michigan State,W,20,13,Homecoming
1956,11/3/1956,@,Purdue,T,7,7,
1956,11/10/1956,@,Michigan,L,7,17,
1956,11/17/1956,vs.,Wisconsin,T,13,13,
1956,11/24/1956,@,Northwestern,L,13,14,
1955,9/24/1955,@,California,W,20,13,
1955,10/1/1955,vs.,Iowa State,W,40,0,
1955,10/8/1955,@,Ohio State,L,12,27,
1955,10/15/1955,vs.,Minnesota,W,21,13,
1955,10/22/1955,@,Michigan State,L,7,21,
1955,10/29/1955,vs.,Purdue,L,0,13,Homecoming
1955,11/5/1955,vs.,Michigan,W,25,6,
1955,11/12/1955,@,Wisconsin,W,17,14,
1955,11/19/1955,@,Northwestern,T,7,7,
1954,9/25/1954,vs.,Penn State,L,12,14,
1954,10/2/1954,@,Stanford,L,2,12,
1954,10/9/1954,vs.,Ohio State,L,7,40,
1954,10/16/1954,@,Minnesota,L,6,19,
1954,10/23/1954,vs.,Syracuse,W,34,6,
1954,10/30/1954,@,Purdue,L,14,28,
1954,11/6/1954,@,Michigan,L,7,14,
1954,11/13/1954,vs.,Wisconsin,L,14,27,Homecoming
1954,11/20/1954,vs.,Northwestern,L,7,20,
1953,9/26/1953,vs.,Nebraska,T,21,21,
1953,10/3/1953,vs.,Stanford,W,33,21,
1953,10/10/1953,@,Ohio State,W,41,20,
1953,10/17/1953,vs.,Minnesota,W,27,7,
1953,10/24/1953,vs.,Syracuse,W,20,13,
1953,10/31/1953,vs.,Purdue,W,21,0,
1953,11/7/1953,vs.,Michigan,W,19,3,Homecoming
1953,11/14/1953,@,Wisconsin,L,7,34,
1953,11/21/1953,@,Northwestern,W,39,14,
1952,9/27/1952,vs.,Iowa State,W,33,7,
1952,10/4/1952,@,Wisconsin,L,6,20,
1952,10/11/1952,vs.,Washington,W,48,14,
1952,10/18/1952,@,Minnesota,L,7,13,
1952,10/25/1952,vs.,Purdue,L,12,40,Homecoming
1952,11/1/1952,@,Michigan,W,22,13,
1952,11/8/1952,@,Iowa,W,33,13,
1952,11/15/1952,vs.,Ohio State,L,7,27,
1952,11/22/1952,vs.,Northwestern,L,26,28,
1951,1/1/1952,"Pasadena, CA",Stanford,W,40,7,Rose Bowl
1951,9/29/1951,vs.,UCLA,W,27,13,
1951,10/6/1951,vs.,Wisconsin,W,14,10,
1951,10/13/1951,@,Syracuse,W,41,20,
1951,10/20/1951,@,Washington,W,27,20,
1951,10/27/1951,@,Indiana,W,21,0,
1951,11/3/1951,vs.,Michigan,W,7,0,
1951,11/10/1951,vs.,Iowa,W,40,13,Homecoming
1951,11/17/1951,@,Ohio State,T,0,0,
1951,11/24/1951,@,Northwestern,W,3,0,
1950,9/30/1950,vs.,Ohio,W,28,2,
1950,10/7/1950,vs.,Wisconsin,L,6,7,
1950,10/13/1950,@,UCLA,W,14,6,
1950,10/21/1950,vs.,Washington,W,20,13,
1950,10/28/1950,vs.,Indiana,W,20,0,Homecoming
1950,11/4/1950,@,Michigan,W,7,0,
1950,11/11/1950,@,Iowa,W,21,7,
1950,11/18/1950,vs.,Ohio State,W,14,7,
1950,11/25/1950,@,Northwestern,L,7,14,
1949,9/24/1949,vs.,Iowa State,T,20,20,
1949,10/1/1949,vs.,Wisconsin,T,13,13,
1949,10/8/1949,@,Iowa,W,20,14,
1949,10/15/1949,vs.,Missouri,L,20,27,
1949,10/22/1949,@,Purdue,W,19,0,
1949,10/29/1949,vs.,Michigan,L,0,13,
1949,11/5/1949,vs.,Indiana,W,33,14,
1949,11/12/1949,@,Ohio State,L,17,30,
1949,11/19/1949,vs.,Northwestern,L,7,9,Homecoming
1948,9/25/1948,vs.,Kansas State,W,40,0,
1948,10/2/1948,@,Wisconsin,L,16,20,
1948,10/9/1948,vs.,Army,L,21,26,
1948,10/16/1948,@,Minnesota,L,0,6,
1948,10/23/1948,vs.,Purdue,W,10,6,
1948,10/30/1948,@,Michigan,L,20,28,
1948,11/6/1948,vs.,Iowa,W,14,0,
1948,11/13/1948,vs.,Ohio State,L,7,34,Homecoming
1948,11/20/1948,@,Northwestern,L,7,20,
1947,9/27/1947,vs.,Pittsburgh,W,14,0,
1947,10/4/1947,@,Iowa,W,35,12,
1947,10/11/1947,"Bronx, NY",Army,T,0,0,
1947,10/18/1947,vs.,Minnesota,W,40,13,
1947,10/25/1947,@,Purdue,L,7,14,
1947,11/1/1947,vs.,Michigan,L,7,14,Homecoming
1947,11/8/1947,vs.,Western Michigan,W,60,14,
1947,11/15/1947,@,Ohio State,W,28,7,
1947,11/22/1947,vs.,Northwestern,L,13,28,
1946,1/1/1947,"Pasadena, CA",UCLA,W,45,14,Rose Bowl
1946,9/21/1946,@,Pittsburgh,W,33,7,
1946,9/28/1946,vs.,Notre Dame,L,6,26,
1946,10/5/1946,vs.,Purdue,W,43,7,
1946,10/12/1946,@,Indiana,L,7,14,
1946,10/19/1946,vs.,Wisconsin,W,27,21,Homecoming
1946,10/26/1946,@,Michigan,W,13,9,
1946,11/2/1946,@,Iowa,W,7,0,
1946,11/16/1946,vs.,Ohio State,W,16,7,
1946,11/23/1946,@,Northwestern,W,20,0,
1945,9/22/1945,vs.,Pittsburgh,W,23,6,
1945,9/29/1945,@,Notre Dame,L,0,7,
1945,10/6/1945,vs.,Indiana,L,0,6,
1945,10/20/1945,@,Wisconsin,T,7,7,
1945,10/27/1945,vs.,Michigan,L,0,19,Homecoming
1945,11/3/1945,vs.,Great Lakes Navy,L,6,12,
1945,11/10/1945,vs.,Iowa,W,48,7,
1945,11/17/1945,@,Ohio State,L,2,27,
1945,11/24/1945,@,Northwestern,L,7,13,
1944,9/16/1944,vs.,Illinois State,W,79,0,
1944,9/23/1944,vs.,Indiana,W,26,18,
1944,9/30/1944,@,Great Lakes Navy,T,26,26,
1944,10/7/1944,vs.,Purdue,L,19,35,
1944,10/14/1944,vs.,Iowa,W,40,6,
1944,10/21/1944,@,Pittsburgh,W,39,5,
1944,10/28/1944,vs.,Notre Dame,L,7,13,Homecoming
1944,11/11/1944,@,Michigan,L,0,14,
1944,11/18/1944,"Cleveland, OH",Ohio State,L,12,26,
1944,11/25/1944,@,Northwestern,W,25,6,
1943,9/11/1943,vs.,Camp Grant,L,0,23,
1943,9/18/1943,vs.,Iowa Pre-Flight,L,18,32,
1943,10/2/1943,@,Purdue,L,21,40,
1943,10/9/1943,@,Wisconsin,W,25,7,
1943,10/16/1943,vs.,Pittsburgh,W,33,25,
1943,10/23/1943,@,Notre Dame,L,0,47,
1943,10/30/1943,vs.,Michigan,L,6,42,Homecoming
1943,11/6/1943,@,Iowa,W,19,10,
1943,11/13/1943,@,Ohio State,L,26,29,
1943,11/20/1943,@,Northwestern,L,6,53,
1942,9/26/1942,vs.,South Dakota,W,46,0,
1942,10/3/1942,vs.,Butler,W,67,0,
1942,10/10/1942,vs.,Minnesota,W,20,13,Homecoming
1942,10/17/1942,@,Iowa,W,12,7,
1942,10/24/1942,vs.,Notre Dame,L,14,21,
1942,10/31/1942,@,Michigan,L,14,28,
1942,11/7/1942,@,Northwestern,W,14,7,
1942,11/14/1942,"Cleveland, OH",Ohio State,L,20,44,
1942,11/21/1942,vs.,Great Lakes Navy,L,0,6,
1942,11/28/1942,@,Camp Grant,W,20,0,
1941,10/4/1941,vs.,Miami,W,45,0,
1941,10/11/1941,@,Minnesota,L,6,34,
1941,10/18/1941,vs.,Drake,W,40,0,
1941,10/25/1941,@,Notre Dame,L,14,49,
1941,11/1/1941,vs.,Michigan,L,0,20,Homecoming
1941,11/8/1941,vs.,Iowa,L,0,21,
1941,11/15/1941,@,Ohio State,L,7,12,
1941,11/22/1941,@,Northwestern,L,0,27,
1940,10/5/1940,vs.,Bradley,W,31,0,
1940,10/12/1940,vs.,Southern California,L,7,13,
1940,10/19/1940,@,Michigan,L,0,28,
1940,10/26/1940,vs.,Notre Dame,L,0,26,Homecoming
1940,11/2/1940,@,Wisconsin,L,6,13,
1940,11/9/1940,@,Northwestern,L,14,32,
1940,11/16/1940,vs.,Ohio State,L,6,14,
1940,11/23/1940,@,Iowa,L,7,18,
1939,9/30/1939,vs.,Bradley,T,0,0,
1939,10/14/1939,@,Southern California,L,0,26,
1939,10/21/1939,vs.,Indiana,L,6,7,
1939,10/28/1939,@,Northwestern,L,0,13,
1939,11/4/1939,vs.,Michigan,W,16,7,Homecoming
1939,11/11/1939,vs.,Wisconsin,W,7,0,
1939,11/18/1939,@,Ohio State,L,0,21,
1939,11/25/1939,@,Chicago,W,46,0,
1938,9/24/1938,vs.,Ohio,L,0,6,
1938,10/1/1938,vs.,DePaul,W,44,7,
1938,10/8/1938,vs.,Indiana,W,12,2,
1938,10/15/1938,@,Notre Dame,L,6,14,
1938,10/22/1938,vs.,Northwestern,L,0,13,Homecoming
1938,10/29/1938,@,Michigan,L,0,14,
1938,11/12/1938,vs.,Ohio State,L,14,32,
1938,11/19/1938,@,Chicago,W,34,0,
1937,9/25/1937,vs.,Ohio,W,20,6,
1937,10/2/1937,vs.,DePaul,T,0,0,
1937,10/9/1937,vs.,Notre Dame,T,0,0,
1937,10/16/1937,@,Indiana,L,6,13,
1937,10/30/1937,vs.,Michigan,L,6,7,Homecoming
1937,11/6/1937,@,Northwestern,W,6,0,
1937,11/13/1937,@,Ohio State,L,0,19,
1937,11/20/1937,vs.,Chicago,W,21,0,
1936,9/26/1936,vs.,DePaul,W,9,6,
1936,10/3/1936,vs.,Washington,W,13,7,
1936,10/10/1936,vs.,Southern California,L,6,24,
1936,10/17/1936,@,Iowa,T,0,0,
1936,10/24/1936,vs.,Northwestern,L,2,13,Homecoming
1936,10/31/1936,@,Michigan,W,9,6,
1936,11/14/1936,vs.,Ohio State,L,0,13,
1936,11/21/1936,@,Chicago,W,18,7,
1935,9/28/1935,vs.,Ohio,L,0,6,
1935,10/5/1935,vs.,Washington,W,28,6,
1935,10/12/1935,@,Southern California,W,19,0,
1935,10/26/1935,vs.,Iowa,L,0,19,
1935,11/2/1935,@,Northwestern,L,3,10,
1935,11/9/1935,vs.,Michigan,W,3,0,Homecoming
1935,11/16/1935,@,Ohio State,L,0,6,
1935,11/23/1935,vs.,Chicago,L,6,7,
1934,9/29/1934,vs.,Bradley,W,40,7,
1934,10/6/1934,@,Washington,W,12,7,
1934,10/13/1934,vs.,Ohio State,W,14,13,Homecoming
1934,10/27/1934,@,Michigan,W,7,6,
1934,11/3/1934,vs.,Army,W,7,0,
1934,11/10/1934,@,Northwestern,W,14,3,
1934,11/17/1934,@,Wisconsin,L,3,7,
1934,11/24/1934,@,Chicago,W,6,0,
1933,9/30/1933,vs.,Drake,W,13,6,
1933,10/7/1933,@,Washington,W,21,6,
1933,10/14/1933,vs.,Wisconsin,W,21,0,Homecoming
1933,10/21/1933,"Cleveland, OH",Army,L,0,6,
1933,11/4/1933,vs.,Michigan,L,6,7,
1933,11/11/1933,@,Northwestern,W,3,0,
1933,11/18/1933,vs.,Chicago,W,7,0,
1933,11/25/1933,@,Ohio State,L,6,7,
1932,10/1/1932,vs.,Coe,W,13,0,
1932,10/1/1932,vs.,Miami,W,20,7,
1932,10/8/1932,vs.,Bradley,W,20,0,
1932,10/15/1932,vs.,Northwestern,L,0,26,Homecoming
1932,10/22/1932,@,Michigan,L,0,32,
1932,10/29/1932,@,Chicago,W,13,7,
1932,11/5/1932,@,Wisconsin,L,12,20,
1932,11/12/1932,vs.,Indiana,W,18,6,
1932,11/19/1932,vs.,Ohio State,L,0,3,
1931,10/3/1931,vs.,St. Louis,W,20,6,
1931,10/10/1931,@,Purdue,L,0,7,
1931,10/17/1931,vs.,Bradley,W,20,0,
1931,10/24/1931,vs.,Michigan,L,0,35,Homecoming
1931,10/31/1931,@,Northwestern,L,6,32,
1931,11/7/1931,vs.,Wisconsin,L,6,7,
1931,11/14/1931,vs.,Chicago,L,6,13,
1931,11/21/1931,@,Ohio State,L,0,40,
1930,10/4/1930,vs.,Iowa State,W,7,0,
1930,10/11/1930,vs.,Butler,W,27,0,
1930,10/18/1930,vs.,Northwestern,L,0,32,Homecoming
1930,10/25/1930,@,Michigan,L,7,15,
1930,11/1/1930,vs.,Purdue,L,0,25,
1930,11/8/1930,"Bronx, NY",Army,L,0,13,
1930,11/15/1930,@,Chicago,W,28,0,
1930,11/22/1930,vs.,Ohio State,L,9,12,
1929,10/5/1929,vs.,Kansas,W,25,0,
1929,10/12/1929,vs.,Bradley,W,45,0,
1929,10/20/1929,@,Iowa,T,7,7,
1929,10/26/1929,vs.,Michigan,W,14,0,Homecoming
1929,11/2/1929,@,Northwestern,L,0,7,
1929,11/9/1929,vs.,Army,W,17,7,
1929,11/16/1929,vs.,Chicago,W,20,6,
1929,11/23/1929,@,Ohio State,W,27,0,
1928,10/6/1928,vs.,Bradley,W,33,6,
1928,10/13/1928,vs.,Coe,W,31,0,
1928,10/20/1928,vs.,Indiana,W,13,7,
1928,10/27/1928,vs.,Northwestern,W,6,0,Homecoming
1928,11/3/1928,@,Michigan,L,0,3,
1928,11/10/1928,@,Butler,W,14,0,
1928,11/17/1928,@,Chicago,W,40,0,
1928,11/24/1928,vs.,Ohio State,W,8,0,
1927,10/1/1927,vs.,Bradley,W,19,0,
1927,10/8/1927,vs.,Butler,W,58,0,
1927,10/15/1927,vs.,Iowa State,T,12,12,
1927,10/22/1927,@,Northwestern,W,7,6,
1927,10/29/1927,vs.,Michigan,W,14,0,Homecoming
1927,11/5/1927,@,Iowa,W,14,0,
1927,11/12/1927,vs.,Chicago,W,15,6,
1927,11/19/1927,@,Ohio State,W,13,0,
1926,10/2/1926,vs.,Coe,W,27,0,
1926,10/9/1926,vs.,Butler,W,38,7,
1926,10/16/1926,vs.,Iowa,W,13,6,Homecoming
1926,10/23/1926,@,Michigan,L,0,13,
1926,10/30/1926,vs.,Pennsylvania,W,3,0,
1926,11/6/1926,@,Chicago,W,7,0,
1926,11/13/1926,vs.,Wabash,W,27,13,
1926,11/20/1926,vs.,Ohio State,L,6,7,
1925,10/3/1925,vs.,Nebraska,L,0,14,
1925,10/10/1925,vs.,Butler,W,16,13,
1925,10/17/1925,@,Iowa,L,10,12,
1925,10/24/1925,vs.,Michigan,L,0,3,Homecoming
1925,10/31/1925,@,Pennsylvania,W,24,2,
1925,11/7/1925,vs.,Chicago,W,13,6,
1925,11/14/1925,vs.,Wabash,W,21,0,
1925,11/21/1925,@,Ohio State,W,14,9,
1924,10/4/1924,@,Nebraska,W,9,6,
1924,10/11/1924,vs.,Butler,W,40,10,
1924,10/18/1924,vs.,Michigan,W,39,14,Homecoming
1924,10/25/1924,vs.,DePauw,W,45,0,
1924,11/1/1924,vs.,Iowa,W,36,0,
1924,11/8/1924,@,Chicago,T,21,21,
1924,11/15/1924,@,Minnesota,L,7,20,
1924,11/22/1924,vs.,Ohio State,W,7,0,
1923,10/6/1923,vs.,Nebraska,W,24,7,
1923,10/13/1923,vs.,Butler,W,21,7,
1923,10/20/1923,@,Iowa,W,9,6,
1923,10/27/1923,"Chicago, IL",Northwestern,W,29,0,
1923,11/3/1923,vs.,Chicago,W,7,0,Homecoming
1923,11/10/1923,vs.,Wisconsin,W,10,0,
1923,11/17/1923,vs.,Mississippi State,W,27,0,
1923,11/24/1923,@,Ohio State,W,9,0,
1922,10/14/1922,vs.,Butler,L,7,10,
1922,10/21/1922,vs.,Iowa,L,7,8,Homecoming
1922,10/28/1922,@,Michigan,L,0,24,
1922,11/4/1922,vs.,Northwestern,W,6,3,
1922,11/11/1922,@,Wisconsin,W,3,0,
1922,11/18/1922,@,Chicago,L,0,9,
1922,11/25/1922,vs.,Ohio State,L,3,6,
1921,10/8/1921,vs.,South Dakota,W,52,0,
1921,10/15/1921,@,Iowa,L,2,14,
1921,10/22/1921,vs.,Wisconsin,L,0,20,
1921,10/29/1921,vs.,Michigan,L,0,3,
1921,11/5/1921,vs.,DePauw,W,21,0,
1921,11/12/1921,vs.,Chicago,L,6,14,Homecoming
1921,11/19/1921,@,Ohio State,W,7,0,
1920,10/9/1920,vs.,Drake,W,41,0,
1920,10/16/1920,vs.,Iowa,W,20,3,
1920,10/23/1920,@,Michigan,W,7,6,
1920,10/30/1920,vs.,Minnesota,W,17,7,Homecoming
1920,11/6/1920,@,Chicago,W,3,0,
1920,11/13/1920,@,Wisconsin,L,9,14,
1920,11/20/1920,vs.,Ohio State,L,0,7,
1919,10/11/1919,@,Purdue,W,14,7,
1919,10/18/1919,vs.,Iowa,W,9,7,
1919,10/25/1919,vs.,Wisconsin,L,10,14,
1919,11/1/1919,vs.,Chicago,W,10,0,Homecoming
1919,11/8/1919,@,Minnesota,W,10,6,
1919,11/15/1919,vs.,Michigan,W,29,7,
1919,11/22/1919,@,Ohio State,W,9,7,
1918,10/4/1918,@,Chanute Field,W,3,0,
1918,10/12/1918,vs.,Great Lakes Navy,L,0,7,
1918,10/26/1918,vs.,Chicago Naval Reserve,L,0,7,
1918,11/2/1918,@,Iowa,W,19,0,
1918,11/9/1918,@,Wisconsin,W,22,0,
1918,11/16/1918,vs.,Ohio State,W,13,0,
1918,11/23/1918,@,Chicago,W,29,0,
1917,10/6/1917,vs.,Kansas,W,22,0,
1917,10/13/1917,vs.,Oklahoma,W,44,0,
1917,10/20/1917,vs.,Wisconsin,W,7,0,Homecoming
1917,10/27/1917,vs.,Purdue,W,27,0,
1917,11/3/1917,@,Chicago,T,0,0,
1917,11/17/1917,@,Ohio State,L,0,13,
1917,11/24/1917,vs.,Minnesota,L,6,27,
1917,11/29/1917,@,Camp Funston,W,28,0,
1916,10/7/1916,vs.,Kansas,W,30,0,
1916,10/14/1916,vs.,Colgate,L,3,15,
1916,10/21/1916,vs.,Ohio State,L,6,7,
1916,10/28/1916,@,Purdue,W,14,7,
1916,11/11/1916,@,Minnesota,W,14,9,
1916,11/18/1916,vs.,Chicago,L,7,20,Homecoming
1916,11/25/1916,@,Wisconsin,T,0,0,
1915,10/2/1915,vs.,Haskell,W,36,0,
1915,10/9/1915,vs.,Missouri-Rolla,W,75,7,
1915,10/16/1915,@,Ohio State,T,3,3,
1915,10/23/1915,vs.,Northwestern,W,36,6,
1915,11/6/1915,vs.,Minnesota,T,6,6,Homecoming
1915,11/13/1915,vs.,Wisconsin,W,17,3,
1915,11/20/1915,@,Chicago,W,10,0,
1914,10/3/1914,vs.,Christian Brothers,W,37,0,
1914,10/10/1914,vs.,Indiana,W,51,0,
1914,10/17/1914,vs.,Ohio State,W,37,0,
1914,10/24/1914,@,Northwestern,W,33,0,
1914,10/31/1914,@,Minnesota,W,21,6,
1914,11/14/1914,vs.,Chicago,W,21,7,Homecoming
1914,11/21/1914,@,Wisconsin,W,24,9,
1913,10/4/1913,vs.,Kentucky,W,21,0,
1913,10/11/1913,vs.,Missouri,W,24,7,
1913,10/18/1913,vs.,Northwestern,W,37,0,
1913,10/25/1913,@,Indiana,W,10,0,
1913,11/1/1913,@,Chicago,L,7,28,
1913,11/15/1913,vs.,Purdue,T,0,0,Homecoming
1913,11/22/1913,vs.,Minnesota,L,9,19,
1912,10/5/1912,vs.,Illinois Wesleyan,W,87,3,
1912,10/12/1912,vs.,Washington,W,13,0,
1912,10/19/1912,vs.,Indiana,W,13,7,
1912,11/2/1912,@,Minnesota,L,0,13,
1912,11/9/1912,@,Purdue,T,9,9,
1912,11/16/1912,vs.,Chicago,L,0,10,Homecoming
1912,11/23/1912,@,Northwestern,L,0,6,
1911,10/7/1911,vs.,James Millikin,W,33,0,
1911,10/14/1911,vs.,St. Louis,W,9,0,
1911,10/21/1911,@,Chicago,L,0,24,
1911,11/4/1911,vs.,Purdue,W,12,3,
1911,11/11/1911,@,Indiana,T,0,0,
1911,11/18/1911,vs.,Northwestern,W,27,13,
1911,11/25/1911,vs.,Minnesota,L,0,11,Homecoming
1910,10/1/1910,vs.,James Millikin,W,13,0,
1910,10/8/1910,vs.,Drake,W,29,0,
1910,10/15/1910,vs.,Chicago,W,3,0,Homecoming
1910,10/29/1910,@,Purdue,W,11,0,
1910,11/5/1910,@,Indiana,W,3,0,
1910,11/12/1910,@,Northwestern,W,27,0,
1910,11/19/1910,vs.,Syracuse,W,3,0,
1909,10/2/1909,vs.,James Millikin,W,23,0,
1909,10/9/1909,vs.,Kentucky,L,2,6,
1909,10/16/1909,@,Chicago,L,8,14,
1909,10/30/1909,vs.,Purdue,W,24,6,
1909,11/6/1909,vs.,Indiana,W,6,5,
1909,11/13/1909,@,Northwestern,W,35,0,
1909,11/20/1909,@,Syracuse,W,17,8,
1908,10/3/1908,vs.,Monmouth,W,17,6,
1908,10/10/1908,vs.,Marquette,T,6,6,
1908,10/17/1908,@,Chicago,L,6,11,
1908,10/31/1908,vs.,Indiana,W,10,0,
1908,11/7/1908,vs.,Iowa,W,22,0,
1908,11/14/1908,@,Purdue,W,15,6,
1908,11/21/1908,vs.,Northwestern,W,64,8,
1907,10/19/1907,vs.,Chicago,L,6,42,
1907,10/26/1907,@,Wisconsin,W,15,4,
1907,11/2/1907,vs.,Purdue,W,21,4,
1907,11/9/1907,@,Iowa,L,12,25,
1907,11/22/1907,@,Indiana,W,10,6,
1906,10/13/1906,vs.,Wabash,T,0,0,
1906,10/27/1906,@,Michigan,L,9,28,
1906,11/10/1906,vs.,Wisconsin,L,6,16,
1906,11/17/1906,@,Chicago,L,0,63,
1906,11/25/1906,@,Purdue,W,5,0,
1905,9/30/1905,vs.,Knox,W,6,0,
1905,10/4/1905,vs.,Wabash,W,6,0,
1905,10/7/1905,vs.,North Central,W,24,0,
1905,10/14/1905,vs.,St. Louis,W,12,6,
1905,10/21/1905,vs.,Purdue,L,0,29,
1905,10/28/1905,vs.,Physicians & Surgeons,W,30,0,
1905,11/4/1905,vs.,Michigan,L,0,33,
1905,11/18/1905,@,Chicago,L,0,44,
1905,11/30/1905,@,Nebraska,L,6,24,
1904,9/24/1904,vs.,North Central,W,10,0,
1904,9/28/1904,vs.,Wabash,W,23,2,
1904,10/1/1904,vs.,Knox,W,11,0,
1904,10/5/1904,vs.,Physicians & Surgeons,W,26,0,
1904,10/8/1904,@,Washington,W,31,0,
1904,10/15/1904,vs.,Indiana,W,10,0,
1904,10/22/1904,@,Purdue,W,24,6,
1904,10/29/1904,@,Chicago,T,6,6,
1904,11/5/1904,@,Ohio State,W,46,0,
1904,11/12/1904,@,Northwestern,L,6,12,
1904,11/19/1904,vs.,Iowa,W,29,0,
1904,11/24/1904,@,Nebraska,L,10,16,
1903,9/19/1903,vs.,Englewood High,W,45,5,
1903,9/26/1903,vs.,Lombard,W,43,0,
1903,9/30/1903,vs.,American Osteopath,W,36,0,
1903,10/3/1903,vs.,Knox,W,29,5,
1903,10/7/1903,vs.,Physicians & Surgeons,W,40,0,
1903,10/10/1903,vs.,Rush Medical,W,64,0,
1903,10/14/1903,vs.,Chicago Dental,W,54,0,
1903,10/17/1903,@,Purdue,W,24,0,
1903,10/24/1903,@,Chicago,L,6,18,
1903,10/31/1903,vs.,Northwestern,L,11,12,
1903,11/6/1903,@,Indiana,L,0,17,
1903,11/14/1903,vs.,Minnesota,L,0,32,
1903,11/21/1903,@,Iowa,L,0,12,
1903,11/26/1903,@,Nebraska,L,0,16,
1902,9/20/1902,vs.,North Division High,W,34,6,
1902,9/27/1902,vs.,Englewood High,W,45,0,
1902,10/1/1902,vs.,American Osteopath,W,22,0,
1902,10/4/1902,vs.,Monmouth,W,33,0,
1902,10/8/1902,vs.,Haskell,W,24,10,
1902,10/11/1902,vs.,Washington,W,44,0,
1902,10/18/1902,vs.,Purdue,W,29,5,
1902,10/25/1902,@,Chicago,L,0,6,
1902,11/1/1902,vs.,Indiana,W,47,0,
1902,11/8/1902,@,Minnesota,L,5,17,
1902,11/15/1902,@,Ohio State,T,0,0,
1902,11/22/1902,@,Northwestern,W,17,0,
1902,11/27/1902,vs.,Iowa,W,80,0,
1901,9/28/1901,vs.,Englewood High,W,39,0,
1901,10/5/1901,vs.,Marion Sims,W,52,0,
1901,10/11/1901,vs.,Physicians & Surgeons,W,23,0,
1901,10/12/1901,vs.,Washington,W,21,0,
1901,10/19/1901,@,Chicago,W,24,0,
1901,10/26/1901,vs.,Northwestern,L,11,17,
1901,11/2/1901,"Indianapolis, IN",Indiana,W,18,0,
1901,11/9/1901,@,Iowa,W,27,0,
1901,11/16/1901,@,Purdue,W,28,6,
1901,11/28/1901,vs.,Minnesota,L,0,16,
1900,9/29/1900,vs.,Rose-Hulman,W,26,0,
1900,10/3/1900,vs.,DePauw,W,63,0,
1900,10/6/1900,vs.,Illinois Wesleyan,W,21,0,
1900,10/10/1900,vs.,Physicians & Surgeons,W,6,0,
1900,10/13/1900,vs.,Knox,W,16,0,
1900,10/16/1900,vs.,Lombard,W,35,0,
1900,10/20/1900,@,Northwestern,T,0,0,
1900,10/27/1900,"Chicago, IL",Michigan,L,0,12,
1900,11/3/1900,vs.,Purdue,W,17,5,
1900,11/10/1900,@,Minnesota,L,0,23,
1900,11/17/1900,"Indianapolis, IN",Indiana,T,0,0,
1900,11/24/1900,@,Wisconsin,L,0,27,
1899,1899-09-30,vs.,Illinois Wesleyan,W,6,0,
1899,1899-10-07,@,Knox,W,5,0,
1899,1899-10-14,vs.,Indiana,L,0,5,
1899,1899-10-28,vs.,Michigan,L,0,5,
1899,1899-11-06,vs.,Illinois Alumni,T,0,0,
1899,1899-11-11,"Milwaukee, WI",Wisconsin,L,0,23,
1899,1899-11-22,vs.,Purdue,L,0,5,
1899,1899-11-25,@,St. Louis,W,29,0,
1899,1899-11-30,"Rock Island, IL",Iowa,L,0,58,
1898,1898-09-28,vs.,Illinois Wesleyan,W,18,0,
1898,1898-10-01,vs.,Physicians & Surgeons,L,6,11,
1898,1898-10-08,vs.,Notre Dame,L,0,5,
1898,1898-10-15,vs.,DePauw,W,16,0,
1898,1898-10-22,vs.,Illinois Alumni,W,10,6,
1898,1898-11-04,vs.,Illinois Alumni,L,17,23,
1898,1898-11-12,"Detroit, MI",Michigan,L,5,12,
1898,1898-11-19,"Chicago, IL",Carlisle,L,0,11,
1898,1898-11-24,vs.,Minnesota,W,11,10,
1897,1897-10-02,vs.,Eureka,W,26,0,
1897,1897-10-09,vs.,Physicians & Surgeons,W,6,0,
1897,1897-10-16,vs.,Lake Forest,W,36,0,
1897,1897-10-23,vs.,Purdue,W,34,4,
1897,1897-10-30,vs.,Chicago,L,12,18,
1897,1897-11-12,vs.,Knox,W,64,0,
1897,1897-11-20,"Chicago, IL",Carlisle,L,6,23,
1897,1897-11-25,"Peoria, IL",Eureka,W,6,0,
1896,1896-10-03,vs.,Lake Forest,W,38,0,
1896,1896-10-10,vs.,Knox,W,70,4,
1896,1896-10-17,"St. Louis, MO",Missouri,W,10,0,
1896,1896-10-21,vs.,Oberlin,W,22,6,
1896,1896-10-31,@,Chicago,L,0,12,
1896,1896-11-07,vs.,Northwestern,L,4,10,
1896,1896-11-25,@,Purdue,T,4,4,
1895,1895-10-05,vs.,Wabash,W,48,0,
1895,1895-10-12,@,Chicago A.C.,L,0,8,
1895,1895-10-19,vs.,Illinois College,W,79,0,
1895,1895-10-26,@,Wisconsin,T,10,10,
1895,1895-11-02,vs.,Lake Forest,W,38,0,
1895,1895-11-23,vs.,Northwestern,W,38,4,
1895,1895-11-28,@,Purdue,L,2,6,
1894,1894-10-06,@,Wabash,W,36,6,
1894,1894-10-13,@,Chicago A.C.,L,0,14,
1894,1894-10-20,vs.,Lake Forest,W,54,6,
1894,1894-11-03,vs.,Northwestern,W,66,0,
1894,1894-11-17,vs.,Purdue,L,2,22,
1894,1894-11-24,vs.,Indianapolis Artillery,L,14,18,
1894,1894-11-29,"St. Louis, MO",Pastime A.C.,W,10,0,
1893,1893-09-30,vs.,Wabash,W,60,6,
1893,1893-10-07,@,DePauw,W,14,4,
1893,1893-10-21,@,Northwestern,T,0,0,
1893,1893-10-28,vs.,Chicago A.C.,L,4,10,
1893,1893-11-06,vs.,Oberlin,L,24,34,
1893,1893-11-11,"St. Louis, MO",Pastime A.C.,W,18,16,
1893,1893-11-25,@,Purdue,T,26,26,
1893,1893-11-30,vs.,Lake Forest,T,10,10,
1892,1892-10-08,vs.,Purdue,L,6,12,
1892,1892-10-12,vs.,Northwestern,T,16,16,
1892,1892-10-21,@,Washington,W,22,0,
1892,1892-10-22,"Omaha, NE",Doane,W,20,0,
1892,1892-10-24,@,Nebraska,L,0,6,
1892,1892-10-26,@,Baker,W,26,10,
1892,1892-10-27,@,Kansas,L,4,26,
1892,1892-10-29,@,Kansas City A.C.,W,42,0,
1892,1892-11-05,vs.,Englewood High,W,38,0,
1892,1892-11-16,@,Chicago,L,4,10,
1892,1892-11-18,vs.,DePauw,W,34,0,
1892,1892-11-24,vs.,Chicago,W,28,12,
